{"nm":"Thunder","ddd":0,"h":256,"w":256,"meta":{"g":"@lottiefiles/toolkit-js 0.25.8"},"layers":[{"ty":4,"nm":"thunder 3","sr":1,"st":50,"op":230,"ip":50,"hd":false,"ddd":0,"bm":0,"hasMask":false,"ao":0,"ks":{"a":{"a":0,"k":[34.5,52,0],"ix":1},"s":{"a":0,"k":[70,70,100],"ix":6},"sk":{"a":0,"k":0},"p":{"a":0,"k":[170.5,178,0],"ix":2},"r":{"a":0,"k":0,"ix":10},"sa":{"a":0,"k":0},"o":{"a":1,"k":[{"o":{"x":0.333,"y":0},"i":{"x":0.833,"y":0.833},"s":[100],"t":60},{"o":{"x":0.333,"y":0},"i":{"x":0.833,"y":0.833},"s":[0],"t":70},{"o":{"x":0.333,"y":0},"i":{"x":0.833,"y":0.833},"s":[100],"t":80},{"o":{"x":0.333,"y":0},"i":{"x":0.833,"y":0.833},"s":[0],"t":85},{"o":{"x":0.333,"y":0},"i":{"x":0.833,"y":0.833},"s":[100],"t":90},{"s":[0],"t":95}],"ix":11}},"ef":[],"shapes":[{"ty":"gr","bm":0,"hd":false,"mn":"ADBE Vector Group","nm":"Group 1","ix":1,"cix":2,"np":2,"it":[{"ty":"sh","bm":0,"hd":false,"mn":"ADBE Vector Shape - Group","nm":"Path 1","ix":1,"d":1,"ks":{"a":0,"k":{"c":true,"i":[[0,0],[0,0],[0,0],[0,0],[0,0],[0,0],[0,0]],"o":[[0,0],[0,0],[0,0],[0,0],[0,0],[0,0],[0,0]],"v":[[23.36,0],[53.37,0],[38.81,34.67],[69,34.67],[12.94,104],[31.8,56.33],[0,56.33]]},"ix":2}},{"ty":"fl","bm":0,"hd":false,"mn":"ADBE Vector Graphic - Fill","nm":"Fill 1","c":{"a":0,"k":[1,0.7882,0.1882],"ix":4},"r":1,"o":{"a":0,"k":100,"ix":5}},{"ty":"tr","a":{"a":0,"k":[0,0],"ix":1},"s":{"a":0,"k":[100,100],"ix":3},"sk":{"a":0,"k":0,"ix":4},"p":{"a":0,"k":[0,0],"ix":2},"r":{"a":0,"k":0,"ix":6},"sa":{"a":0,"k":0,"ix":5},"o":{"a":0,"k":100,"ix":7}}]}],"ind":1},{"ty":4,"nm":"thunder2","sr":1,"st":108,"op":288,"ip":108,"hd":false,"ddd":0,"bm":0,"hasMask":false,"ao":0,"ks":{"a":{"a":0,"k":[34.5,52,0],"ix":1},"s":{"a":0,"k":[100,100,100],"ix":6},"sk":{"a":0,"k":0},"p":{"a":0,"k":[133.5,186,0],"ix":2},"r":{"a":0,"k":0,"ix":10},"sa":{"a":0,"k":0},"o":{"a":1,"k":[{"o":{"x":0.333,"y":0},"i":{"x":0.833,"y":0.833},"s":[100],"t":118},{"o":{"x":0.333,"y":0},"i":{"x":0.833,"y":0.833},"s":[0],"t":128},{"o":{"x":0.333,"y":0},"i":{"x":0.833,"y":0.833},"s":[100],"t":138},{"o":{"x":0.333,"y":0},"i":{"x":0.833,"y":0.833},"s":[0],"t":143},{"o":{"x":0.333,"y":0},"i":{"x":0.833,"y":0.833},"s":[100],"t":148},{"s":[0],"t":153}],"ix":11}},"ef":[],"shapes":[{"ty":"gr","bm":0,"hd":false,"mn":"ADBE Vector Group","nm":"Group 1","ix":1,"cix":2,"np":2,"it":[{"ty":"sh","bm":0,"hd":false,"mn":"ADBE Vector Shape - Group","nm":"Path 1","ix":1,"d":1,"ks":{"a":0,"k":{"c":true,"i":[[0,0],[0,0],[0,0],[0,0],[0,0],[0,0],[0,0]],"o":[[0,0],[0,0],[0,0],[0,0],[0,0],[0,0],[0,0]],"v":[[23.36,0],[53.37,0],[38.81,34.67],[69,34.67],[12.94,104],[31.8,56.33],[0,56.33]]},"ix":2}},{"ty":"fl","bm":0,"hd":false,"mn":"ADBE Vector Graphic - Fill","nm":"Fill 1","c":{"a":0,"k":[1,0.7882,0.1882],"ix":4},"r":1,"o":{"a":0,"k":100,"ix":5}},{"ty":"tr","a":{"a":0,"k":[0,0],"ix":1},"s":{"a":0,"k":[100,100],"ix":3},"sk":{"a":0,"k":0,"ix":4},"p":{"a":0,"k":[0,0],"ix":2},"r":{"a":0,"k":0,"ix":6},"sa":{"a":0,"k":0,"ix":5},"o":{"a":0,"k":100,"ix":7}}]}],"ind":2},{"ty":4,"nm":"thunder","sr":1,"st":0,"op":180,"ip":0,"hd":false,"ddd":0,"bm":0,"hasMask":false,"ao":0,"ks":{"a":{"a":0,"k":[34.5,52,0],"ix":1},"s":{"a":0,"k":[100,100,100],"ix":6},"sk":{"a":0,"k":0},"p":{"a":0,"k":[112.5,184,0],"ix":2},"r":{"a":0,"k":0,"ix":10},"sa":{"a":0,"k":0},"o":{"a":1,"k":[{"o":{"x":0.333,"y":0},"i":{"x":0.833,"y":0.833},"s":[100],"t":10},{"o":{"x":0.333,"y":0},"i":{"x":0.833,"y":0.833},"s":[0],"t":20},{"o":{"x":0.333,"y":0},"i":{"x":0.833,"y":0.833},"s":[100],"t":30},{"o":{"x":0.333,"y":0},"i":{"x":0.833,"y":0.833},"s":[0],"t":35},{"o":{"x":0.333,"y":0},"i":{"x":0.833,"y":0.833},"s":[100],"t":40},{"s":[0],"t":45}],"ix":11}},"ef":[],"shapes":[{"ty":"gr","bm":0,"hd":false,"mn":"ADBE Vector Group","nm":"Group 1","ix":1,"cix":2,"np":2,"it":[{"ty":"sh","bm":0,"hd":false,"mn":"ADBE Vector Shape - Group","nm":"Path 1","ix":1,"d":1,"ks":{"a":0,"k":{"c":true,"i":[[0,0],[0,0],[0,0],[0,0],[0,0],[0,0],[0,0]],"o":[[0,0],[0,0],[0,0],[0,0],[0,0],[0,0],[0,0]],"v":[[23.36,0],[53.37,0],[38.81,34.67],[69,34.67],[12.94,104],[31.8,56.33],[0,56.33]]},"ix":2}},{"ty":"fl","bm":0,"hd":false,"mn":"ADBE Vector Graphic - Fill","nm":"Fill 1","c":{"a":0,"k":[1,0.7882,0.1882],"ix":4},"r":1,"o":{"a":0,"k":100,"ix":5}},{"ty":"tr","a":{"a":0,"k":[0,0],"ix":1},"s":{"a":0,"k":[100,100],"ix":3},"sk":{"a":0,"k":0,"ix":4},"p":{"a":0,"k":[0,0],"ix":2},"r":{"a":0,"k":0,"ix":6},"sa":{"a":0,"k":0,"ix":5},"o":{"a":0,"k":100,"ix":7}}]}],"ind":3},{"ty":0,"nm":"cloud","sr":1,"st":0,"op":2102.1015625,"ip":0,"hd":false,"ddd":0,"bm":0,"hasMask":false,"ao":0,"ks":{"a":{"a":0,"k":[84,52,0],"ix":1},"s":{"a":0,"k":[119.363,119.365,100],"ix":6},"sk":{"a":0,"k":0},"p":{"a":1,"k":[{"o":{"x":0.333,"y":0},"i":{"x":0.833,"y":0.833},"s":[130.132,100.47,0],"t":0,"ti":[-0.00000512746192,0,0],"to":[0.83333331346512,0,0]},{"o":{"x":0.333,"y":0},"i":{"x":0.833,"y":0.833},"s":[135.132,100.47,0],"t":45,"ti":[-0.00000512746192,0,0],"to":[0.00000512746192,0,0]},{"o":{"x":0.333,"y":0},"i":{"x":0.833,"y":0.833},"s":[130.132,100.47,0],"t":90,"ti":[0,0,0],"to":[0.00000512746192,0,0]},{"o":{"x":0.333,"y":0},"i":{"x":0.833,"y":0.833},"s":[135.132,100.47,0],"t":135,"ti":[0.83333331346512,0,0],"to":[0,0,0]},{"s":[130.132,100.47,0],"t":180}],"ix":2},"r":{"a":0,"k":0,"ix":10},"sa":{"a":0,"k":0},"o":{"a":0,"k":100,"ix":11}},"ef":[],"w":168,"h":104,"refId":"comp_0","ind":4},{"ty":4,"nm":"bond","sr":1,"st":0,"op":180,"ip":0,"hd":false,"ddd":0,"bm":0,"hasMask":false,"ao":0,"ks":{"a":{"a":0,"k":[0,0,0],"ix":1},"s":{"a":0,"k":[100,100,100],"ix":6},"sk":{"a":0,"k":0},"p":{"a":0,"k":[128,128,0],"ix":2},"r":{"a":0,"k":0,"ix":10},"sa":{"a":0,"k":0},"o":{"a":0,"k":100,"ix":11}},"ef":[],"shapes":[{"ty":"gr","bm":0,"hd":false,"mn":"ADBE Vector Group","nm":"bond","ix":1,"cix":2,"np":1,"it":[{"ty":"rc","bm":0,"hd":false,"mn":"ADBE Vector Shape - Rect","nm":"Rectangle Path 1","d":1,"p":{"a":0,"k":[0,0],"ix":3},"r":{"a":0,"k":0,"ix":4},"s":{"a":0,"k":[256,256],"ix":2}},{"ty":"tr","a":{"a":0,"k":[0,0],"ix":1},"s":{"a":0,"k":[100,100],"ix":3},"sk":{"a":0,"k":0,"ix":4},"p":{"a":0,"k":[0,0],"ix":2},"r":{"a":0,"k":0,"ix":6},"sa":{"a":0,"k":0,"ix":5},"o":{"a":0,"k":100,"ix":7}}]}],"ind":5}],"v":"5.1.1","fr":20,"op":180,"ip":0,"assets":[{"nm":"","id":"comp_0","layers":[{"ty":4,"nm":"Oval 4","sr":1,"st":0,"op":2102.1021021021,"ip":0,"hd":false,"ddd":0,"bm":0,"hasMask":false,"ao":0,"ks":{"a":{"a":0,"k":[0,0,0],"ix":1},"s":{"a":0,"k":[100,100,100],"ix":6},"sk":{"a":0,"k":0},"p":{"a":0,"k":[0,0,0],"ix":2},"r":{"a":0,"k":0,"ix":10},"sa":{"a":0,"k":0},"o":{"a":0,"k":100,"ix":11}},"ef":[],"shapes":[{"ty":"gr","bm":0,"hd":false,"mn":"ADBE Vector Group","nm":"Group 1","ix":1,"cix":2,"np":2,"it":[{"ty":"sh","bm":0,"hd":false,"mn":"ADBE Vector Shape - Group","nm":"Path 1","ix":1,"d":1,"ks":{"a":0,"k":{"c":true,"i":[[0,0],[0,0],[0,20.05],[-20.06,0],[-5.02,-2.62],[-22.64,0],[0,-28.54],[0.02,-0.58],[0,-10.12],[14.65,0],[0,0],[0,0],[0,0]],"o":[[0,0],[-20.06,0],[0,-20.05],[6.05,0],[6.99,-20.26],[28.53,0],[0,0.58],[8.33,4.48],[0,14.65],[0,0],[-0.08,0],[0,0],[0,0]],"v":[[101.39,103.33],[36.31,103.33],[0,67.03],[36.31,30.72],[53.08,34.82],[101.94,0],[153.6,51.67],[153.57,53.41],[167.57,76.8],[141.04,103.33],[101.94,103.33],[101.39,103.33],[101.94,103.33]]},"ix":2}},{"ty":"fl","bm":0,"hd":false,"mn":"ADBE Vector Graphic - Fill","nm":"Fill 1","c":{"a":0,"k":[0.9098,0.9098,0.9098],"ix":4},"r":1,"o":{"a":0,"k":100,"ix":5}},{"ty":"tr","a":{"a":0,"k":[0,0],"ix":1},"s":{"a":0,"k":[100,100],"ix":3},"sk":{"a":0,"k":0,"ix":4},"p":{"a":0,"k":[0,0],"ix":2},"r":{"a":0,"k":0,"ix":6},"sa":{"a":0,"k":0,"ix":5},"o":{"a":0,"k":100,"ix":7}}]}],"ind":1}]}]}